Distance Metric,Accuracy,F1-Score,AUC
Euclidean,0.7201303088803089,0.7078031624537308,0.9226832544281226
Cosine,0.7731333118833118,0.7696080702871938,0.9424513632371242
